UTM Source,UTM Medium,UTM Campaign,UTM Content,UTM Term
anons,%7Bsource_type%7D,%7Bcampaign_id%7D,%7Bad_id%7D,%7Bkeyword%7D
apentester181225,01,%7Bcampaign_id%7D_%7Bgbid%7D,%D0%9C%D0%BE%D1%81%D0%BA%D0%B2%D0%B0.mobile.none.16975561366,%D0%BF%D0%B5%D0%BD%D1%82%D0%B5%D1%81%D1%82
b2c_courses_analytic_soc_demo_261125_01,11_08,01,%D0%A1%D0%B0%D0%BD%D0%BA%D1%82-%D0%9F%D0%B5%D1%82%D0%B5%D1%80%D0%B1%D1%83%D1%80%D0%B3.mobile.none.16975561347,---autotargeting
banner,13_08,01-09,%D0%A1%D0%B0%D0%BD%D0%BA%D1%82-%D0%9F%D0%B5%D1%82%D0%B5%D1%80%D0%B1%D1%83%D1%80%D0%B3.mobile.none.16975561350,---autotargeting_116.ru
blog,anons,13-10,%D0%A1%D0%B0%D0%BD%D0%BA%D1%82-%D0%9F%D0%B5%D1%82%D0%B5%D1%80%D0%B1%D1%83%D1%80%D0%B3.mobile.none.16975561359,---autotargeting_24calc.ru
Botto Platform,anons-07-10,14-10,%D0%A1%D0%B0%D0%BD%D0%BA%D1%82-%D0%9F%D0%B5%D1%82%D0%B5%D1%80%D0%B1%D1%83%D1%80%D0%B3.mobile.none.16975561364,---autotargeting_24smi.org
brand_250226_01,anons1-19-09,1909,%D0%A1%D0%B0%D0%BD%D0%BA%D1%82-%D0%9F%D0%B5%D1%82%D0%B5%D1%80%D0%B1%D1%83%D1%80%D0%B3.mobile.none.16975561372,---autotargeting_3dnews.ru
brand_250226_02,anons2,22-08,%D0%A1%D0%B0%D0%BD%D0%BA%D1%82-%D0%9F%D0%B5%D1%82%D0%B5%D1%80%D0%B1%D1%83%D1%80%D0%B3.mobile.none.16975561380,---autotargeting_akniga.org
chatgpt.com,anons3,26-08,%D0%A1%D0%B0%D0%BD%D0%BA%D1%82-%D0%9F%D0%B5%D1%82%D0%B5%D1%80%D0%B1%D1%83%D1%80%D0%B3.mobile.none.16996792083,---autotargeting_alushta.gorodrabot.ru
Community,apentester181225,27_01,01,---autotargeting_androidapplications.store
copilot.com,article,28-08,10-12,---autotargeting_androidinsider.ru
cpc,b-236,2kursa,147298491,---autotargeting_api.edadeal.ru
cybered,b2c_courses_analytic_soc_demo_261125_01,355448126,147298566,---autotargeting_apkpure.net
demo_pentest_181225,b301,703431330,17300481749,---autotargeting_astrorok.ru
demo_soc_181225,base_all,703438383,17300481754,---autotargeting_auth.wi-fi.ru
dzen,brand_250226_01,703438392,17300481759,---autotargeting_auto.ru
e-mail,brand_250226_02,703907462,17300483605,---autotargeting_checko.ru
email,bsoc_article,704698005,17300483606,---autotargeting_chuvashia.move.ru
emailproteccionmail,bsoc_article#form_block_id,704873517,17300483609,---autotargeting_clickie.ru
gosuslugi,calendar_sep,705047521_5679155116,17300483610,---autotargeting_com.anoshenko.android.solitaires
hacker,ciso,705047736_5679156266,17300483615,---autotargeting_com.app.champion.pro
hacker_blog,context,705110422_5680047768,17300483621,---autotargeting_com.avito.android
hacker_tab,cpa,705378235,17300484855,---autotargeting_com.camscanner.documentscanner.pdfscanner.textscanner.photos.scanner
ig,cpc,705378235_5684909126,17336666020,---autotargeting_com.cleverapps.wondermerge
kiberbez_130226_1,cyber_ins,705378915,17336666034,---autotargeting_com.dbgarden.gardening
KursHub,demo_pentest_181225,705378915_5684922023,17336666038,---autotargeting_com.ddup.zombiewaves.zw.ru
madtest,demo_soc_181225,705393235,17366120407,---autotargeting_com.edadeal.android
mail,description,705393236,17395032202,---autotargeting_com.example.slim_pro
mitup,digital_academy,705525479,17395047936,---autotargeting_com.freefastconnect.vpn
nto,email,705780408,17408590113,---autotargeting_com.freevpnplanet
obhod_zashit_test_300126,expectativa,705781826,17408590114,---autotargeting_com.fugo.wow
obhod_zashit_test_300126_03,hacker,705911821,17414578195,---autotargeting_com.funfinity.amobear.blaze.shooter
obhod_zashit_test_300126_2,hacker_lab,705915421,17414578196,---autotargeting_com.game_winter88.mygame
partner,infosec,705919008,17414578197,---autotargeting_com.hitappsgames.connectwords
partners,julio_anons_dos,706088224,17414642975,---autotargeting_com.hitappsgames.wordsolitaire
pentest_demo2_120226_1,julio_anons_uno,706088328,17414642977,---autotargeting_com.hornet.android
pentest_pentest_pay_120226_1,kiberbez_130226_1,706088399,17424428471,---autotargeting_com.humble.proxy
pentest_soc2_120226_1,kiberbez_context,706088610,17424471432,---autotargeting_com.ionicframework.vznakomstve
perplexity,KursHub,706088697,17424471496,---autotargeting_com.katylab
pohek,letter,706588988,17424472139,---autotargeting_com.lumber.inc
posev,mail,706589391,17430420958,---autotargeting_com.mi.globalbrowser
posev_tg,mar_anons_uno,706817180,17455963020,---autotargeting_com.miracle.braindoge.ios
prof_pentest_demo2_100226_1,mrrobot,706999581,17456024513,---autotargeting_com.miui.cleaner
prof_pentest_demo2_100226_2,obhod_zashit_test_300126,706999594,17467136691,---autotargeting_com.nektome.talk
prof_pentest_demo2_100226_3,obhod_zashit_test_300126_03,706999666,17467141765,---autotargeting_com.now.vpn
prof_pentest_demo_070226,oct_anons_uno,707000639,17467152115,---autotargeting_com.oakever.tiletrip
prof_pentest_demo_090226,partner,707053986,17467161115,---autotargeting_com.openmygame.games.android.wordsearchsea
prof_pentest_demo_1002226_2,pentest_demo2_120226_1,707219401,17467171248,---autotargeting_com.openmygame.magicwordsearch
prof_pentest_demo_250226_01,pentest_pentest_pay_120226_1,707265478,17467219538,---autotargeting_com.pixel.art.coloring.color.number
prof_pentest_demo_250226_02,pentest_soc2_120226_1,707634725,17467224537,---autotargeting_com.pixelkraft.edgelighting
prof_pentest_demo_2_070226,pentester_article,707634735,17467303258,---autotargeting_com.pixonic.wwr
prof_pentest_demo_test060226,ph,707634746,17469690838,---autotargeting_com.quizzes_prod.geographyquiz
prof_soc_demo_070226,posev,707634756,17469690839,---autotargeting_com.reme.alientool
prof_soc_demo_090226,presentation,707811553,17469690848,---autotargeting_com.resestudio.jewelcastle.jewelslegend
prof_soc_demo_1002226,prof_pentest_demo2_100226_1,707811554,17469815108,---autotargeting_com.s-g-i.edadeal
prof_soc_demo_2_070226,prof_pentest_demo2_100226_2,707811673,17469815111,---autotargeting_com.super.free.supervpn
professiya_pentester_270226_01,prof_pentest_demo2_100226_3,707811674,17469815112,---autotargeting_com.supervpn.vpn.free.proxy
promo,prof_pentest_demo_070226,707977649,17469815113,---autotargeting_com.surgeapp.zoe
refferal,prof_pentest_demo_090226,7kursov,17469836034,---autotargeting_com.toxiclab.com.footballguide
rof_pentest_demo_240226_01,prof_pentest_demo_1002226_2,85361382,17469842655,---autotargeting_com.vitastudio.mahjong
Securitylab.ru,prof_pentest_demo_250226_01,anons,17469842656,---autotargeting_com.vk.vkclient
securitylab.ru,prof_pentest_demo_250226_02,anons4-veb-kontejnery,17469842657,---autotargeting_com.vkontakte.android
Sendsay,prof_pentest_demo_2_070226,anons?erid=2Vtzqvzapwg,17469843223,---autotargeting_com.vpnappvpn.vpnapp
sendsay,prof_soc_demo_070226,anons_22_01,17469843224,---autotargeting_com.warrior.screw.gp
seo,prof_soc_demo_090226,anons_is_engineer,17469843225,---autotargeting_com.yandex.shedevrus
site,prof_soc_demo_1002226,anons_nov,17469846623,---autotargeting_con.hotspot.vpn.free.master
sl,prof_soc_demo_2_070226,attacking_january_26,17469846624,---autotargeting_cont.ws
SMS,professiya_pentester_270226_01,attacking_january_26-010126,17469848738,---autotargeting_crimea.ria.ru
soc_pay_120226_1,r301,attacking_january_26-020126,17469848739,---autotargeting_delai-tak.ru
social,refferal,attacking_january_26-030126,17469848740,---autotargeting_dic.academic.ru
start_120226_2,rof_pentest_demo_240226_01,attacking_january_26-040126,17469855706,---autotargeting_disk.yandex.ru
start_blue_team_270226_01,search,attacking_january_26-060126,17469855707,---autotargeting_docs.yandex.ru
telegram,sep_anons_uno,attacking_january_26-070126,17469855708,---autotargeting_doctu.ru
test041225_01,SMS,august,17469866538,---autotargeting_dsp.yandex.ru
test051225_01_prof-soc-demo,soc_pay_120226_1,b-207?erid=2VtzqvvJxXv,17469866539,---autotargeting_dtf.ru
test051225_01_prof_pentest_demo,social,b-236?erid=2VtzqupMRJ3,17469866540,---autotargeting_dzen.ru
test060226,start_120226_2,b-301%3Ferid%3D2VtzqxeqR2H,17469896570,---autotargeting_dzen.ru_Saint Petersburg_mobile
test061125,start_blue_team_270226_01,b-301?erid=2VtzqxcBt3F,17469896571,---autotargeting_e.mail.ru
test230126_03,stepik,b-410?erid=2VtzqwnmCg4,17469900830,---autotargeting_easy.sudoku.puzzle.solver.free
test230126_05,test041225_01,B-802,17469905896,---autotargeting_ege.sdamgia.ru
test241125_02_apentester,test051225_01,b-802,17469905897,---autotargeting_ffrt.ru
test241125_03_apentester,test060226,b101,17469905898,---autotargeting_finance.mail.ru
test241125_03_professiya-pentester,test061125,b101#form_block_id,17469911819,---autotargeting_forms.yandex.ru
test241125_04_professiya-pentester,test230126_03,b228,17469913758,---autotargeting_free.vpn.unblock.proxy.turbovpn
test241125_apentester,test230126_05,b236,17469919607,---autotargeting_free.vpn.unblock.proxy.vpn.master.pro
test241125_professiya-pentester,test241125_02_apentester,b2c,17469932614,---autotargeting_gtorrent.cc
test251125_01_apentester,test241125_03_apentester,b2c_courses_analytic_soc_demo_261125_01,17490713387,---autotargeting_habr.com
test_040326_1_how_to_find_a_job_for_a_beginner,test241125_03_professiya-pentester,b301,17490861435,---autotargeting_hh.ru
test_110326_01,test241125_04_professiya-pentester,b410,17490865870,---autotargeting_hi-tech.mail.ru
tg,test251125_01_apentester,b802,17490887415,---autotargeting_igroutka.ru
tg_posev,test_040326_1_how_to_find_a_job_for_a_beginner,banner_skvoznoy,17502402885,---autotargeting_inf-ege.sdamgia.ru
tg_yah_channel,test_110326_01,beliy_hacker_welcome,17502405500,---autotargeting_io.deveem.vpn
tgitbook_library,tg,besplatnyj_kurs,17502409944,---autotargeting_io.supercent.ageofdinosaurs
tgpackage_security,tg-cyber-ed,black_friday_241125,17502410790,---autotargeting_iz.ru
tgpoxek,tg_ads,br3d,17502411106,---autotargeting_izhevsk.hh.ru
tgsearchack,tg_alumni,brand,17502725679,---autotargeting_joyreactor.cc
tsuniversity,tg_alumnus,brand_250226_01,17502725680,---autotargeting_kg.nooken.vpn.dev
tutuortop,tg_cyber-ed,brand_250226_02,17502725681,---autotargeting_lady.mail.ru
twin,tg_cyber-ed-news,bsoc,17502725682,---autotargeting_leplants.ru
undefined,tokhtarov,bugbounty_29_01_26,17502725683,---autotargeting_lostarmour.info
Unisender,tproger,calendar,17502725686,---autotargeting_m.dzen.ru
Unknown UTM Source,tutortop,CyberED_PENTEST__set,17502725687,---autotargeting_m.vz.ru
vk,undefined,CyberED_SOC_set,17502725690,---autotargeting_mail.rambler.ru
vk_ads,Unknown UTM Medium,deleted,17502725691,---autotargeting_mail.ru
vstrache_s_nastavnikom,vcru,diagnostika,17502725694,---autotargeting_mail.yandex.ru
website,vea_poisk,digest_261125,17502725695,---autotargeting_mcpebox.ru
xaker,vk,f-110?erid=2Vtzqvp6cmT,17502725696,---autotargeting_mint.dating
ya,vk-cyber-ed,f-111,17502725697,---autotargeting_moe-online.ru
yah,website,f-401,17502725701,---autotargeting_mr.lordfilm133.ru
yandex,workshop,f-401?erid=2VtzqvPUzTU,17502725702,---autotargeting_music.yandex.ru
yandex_cpc,wp,f401,17502725704,---autotargeting_newizv.ru
yd,yan_anons_sec,f6_cyber,17502725705,---autotargeting_ngs.ru
yd_prof_pentest_demo,yanvar_context,fin_success_25022026,17503314893,---autotargeting_nn.hh.ru
yd_prof_pentest_demo2,yanvar_search,find_job_170226,17503346806,---autotargeting_none
yd_prof_soc_demo2,{source_type},footer,17503346810,---autotargeting_notepadonline.ru
youtube,,gide,17503346811,---autotargeting_ok.ru
zaitsev,,hackadvisor,17503356587,---autotargeting_oncalc.ru
,,hacker_50k,17503356589,---autotargeting_org.audioknigi.app
,,hacker_certification?erid=2SDnjc2nRpB,17503360033,---autotargeting_otvet.mail.ru
,,hacker_certification?erid=2SDnjcw2W7q,17503360037,---autotargeting_pikabu.ru
,,hh_cpa_test,17503360038,---autotargeting_pikuco.ru
,,honeymontana,17521128033,---autotargeting_playhop.com
,,I-106,17521128035,---autotargeting_pravoved.ru
,,i-r101?erid=2VtzqxKeAdV,17521128036,---autotargeting_profiles-vkontakte.ru
,,intervjew23-10,17521128037,---autotargeting_python-code-online.com
,,kiberbez_130226_1,17521128801,---autotargeting_ranobes.com
,,kiberbez_14022026,17521128802,---autotargeting_readli.net
,,kiberbez_16022026,17521130289,---autotargeting_remanga.org
,,kiberbez_18022026,17521130292,---autotargeting_reshalka.com
,,kiberbez_after_190226,17521130293,---autotargeting_rg.ru
,,kiberbez_sale_260226,17521131100,---autotargeting_ru.auto.ara
,,KursHub,17521131114,---autotargeting_ru.drivemusic.me
,,kyrator,17521135139,---autotargeting_ru.flysoft.idaprikol
,,m-365,17521137723,---autotargeting_ru.get-save.com
,,m365,17521137839,---autotargeting_ru.litres.android.readfree
,,madtest,17521140564,---autotargeting_ru.mail.mail
,,marafon,17521140565,---autotargeting_ru.mail.mailapp
,,meetup_standoff,17521140568,---autotargeting_ru.mamba.client
,,newyear,17521140570,---autotargeting_ru.ok.android
,,obhod_zashit_test_300126,17521140571,---autotargeting_ru.pikabu.android
,,obhod_zashit_test_300126_03,17521140572,---autotargeting_ru.savefrom.net
,,offzone_2023,17521143691,---autotargeting_ru.yandex.mail
,,open_day_191225,17521143692,---autotargeting_ru.yandex.metro
,,open_day_231225,17521143693,---autotargeting_ru.yandex.mobile.weather
,,open_day_251225,17521143697,---autotargeting_ru.yandex.searchplugin
,,open_day_271025,17521143700,---autotargeting_ru.yandex.weatherplugin
,,open_day_281025,17557760949,---autotargeting_ru.yandex.yandexmaps
,,pbx,17557783349,---autotargeting_ru.zen.android
,,pentest,17557783739,---autotargeting_rus.hitmotop.com
,,pentest_demo2_120226_1,17557788562,---autotargeting_russia.gorodrabot.ru
,,pentest_pentest_pay_120226_1,17557788563,---autotargeting_sapr.ru
,,pentest_soc2_120226_1,17557788564,---autotargeting_shedevrum.ai
,,pentester_29_01_26,17557789095,---autotargeting_spb.hh.ru
,,pohek_ai_03_01_26,17557790406,---autotargeting_spb.superjob.ru
,,post-calendar2025,17557790407,---autotargeting_sudak.gorodrabot.ru
,,post020525,17557790412,---autotargeting_sudba-cheloveka.ru
,,post060525#form_default,17557790414,---autotargeting_tap.unblock.away
,,post18032025,17566680923,---autotargeting_testua.ru
,,post190225,17566680924,---autotargeting_toxic.production
,,post2110,17566680925,---autotargeting_translate.yandex.ru
,,post_12_02_26,17566681502,---autotargeting_trychatgpt.ru
,,post_5_02_26,17566681506,---autotargeting_ura.news
,,price_freeze_2025%3Ferid%3D2VtzqxUxHuk,17566682956,---autotargeting_v-kosmose.com
,,prof_pentest_demo2_100226_1,17566685586,---autotargeting_v1.220vk.ru
,,prof_pentest_demo2_100226_2,17575413638,---autotargeting_vk.com
,,prof_pentest_demo2_100226_3,17575419796,---autotargeting_vkvideo.ru
,,prof_pentest_demo_070226,17575424287,---autotargeting_vtomske.ru
,,prof_pentest_demo_090226,17575429056,---autotargeting_winitpro.ru
,,prof_pentest_demo_1002226_2,17575429057,---autotargeting_www.amalgama-lab.com
,,prof_pentest_demo_250226_01,17575429058,---autotargeting_www.autonews.ru
,,prof_pentest_demo_250226_02,17575438640,---autotargeting_www.chita.ru
,,prof_pentest_demo_2_070226,17575439598,---autotargeting_www.comss.ru
,,prof_soc_demo_070226,17575449911,---autotargeting_www.euro-football.ru
,,prof_soc_demo_090226,17575449913,---autotargeting_www.gazeta.ru
,,prof_soc_demo_1002226,17575456336,---autotargeting_www.gismeteo.ru
,,prof_soc_demo_2_070226,17589058422,---autotargeting_www.kinoafisha.info
,,professiya_hacker,17589058427,---autotargeting_www.mirf.ru
,,professiya_pentester_270226_01,17589058428,---autotargeting_www.pravda.ru
,,progrev_pbh,17589058430,---autotargeting_www.yandex.ru
,,promo,17589058435,---autotargeting_www.yaplakal.com
,,promo-kurs-v-zapisi,17589058437,---autotargeting_x-manga.ru
,,promonewyear,17589058438,---autotargeting_xn--r1a.website
,,promotia?erid=2VtzqvanSEi,17589058440,---autotargeting_ya.ru
,,r-218?erid=2VtzqxZAZM5,17589058442,---autotargeting_yandex.ru
,,r-220?erid=2Vtzqw6nxuu,17589058444,01
,,r-301%28demo%29%3Ferid%3D2Vtzqx2AT2Z,17589058773,03-02-25?erid=2VtzqvP1ukx
,,r-301%3Ferid%3D2VtzqxGwJWd,17589064156,08-07-24
,,r-301?erid=2VtzqvMZbjb,17589100989,17424471432
,,R-801,17591939840,18-07-24
,,r220,17591939848,2e0461c6-eb23-48d9-8ded-87cb3ec62e5c
,,r301,17591939855,68301d3f-b224-4dee-be9a-44f80599baaa
,,r316,17591939856,7bc2cde5-085c-4be7-8083-575773492ee8
,,r317,17601125523,7e58d89c-72f8-40f0-a0a3-a3b0b0a1265f
,,r420,17601150895,833148bd-68bf-4767-a3dd-8f819cc7a91e
,,r430?erid=2VtzqwZYUdd,17601150897,85c2358a-fedd-4662-b251-12a5a206e825
,,r801,17601150899,865713d3-288d-42cb-9e56-b2deb5ec552e
,,rof_pentest_demo_240226_01,17601150903,_3dnews.ru
,,s-232?erid=2VtzquipyCF,17601150904,_api.edadeal.ru
,,s-410,17601150905,_auto.ru
,,s1,17601150906,_chelyabinsk.hh.ru
,,s410,17603929721,_chuvashia.move.ru
,,saleseptember?erid=2VtzqvLCuGP,17603929722,_com.avito.android
,,saleseptember?erid=2Vtzqwh9CSW,17603929723,_com.brainatee.sudoku.classic.puzzle.free
,,shag_v_budushee,17603929727,_com.cars.color.sort
,,skidki_new_anons,17603929736,_com.edadeal.android
,,soc-web_06_05,17625987373,_com.freevpn.russiavpn
,,soc-web_reminder_1,17625987374,_com.freevpn.vpn.fast.simple
,,soc-web_reminder_1#form_default,17625987375,_com.hornet.android
,,soc_pay_120226_1,17625987380,_com.now.vpn
,,socForum,17625987962,_com.openmygame.games.android.fillwordsoffline
,,socjun,17625987963,_com.reme.alientool
,,start_120226_2,17625987964,_com.s-g-i.edadeal
,,start_blue_team_270226_01,17625987967,_com.super.free.supervpn
,,test041225_01,17625987970,_com.vitastudio.mahjong
,,test051225_01,17625988883,_com.vk.vkclient
,,test060226,17625988885,_com.vkontakte.android
,,test061125,17625988888,_disk.yandex.ru
,,test230126_03,17625988889,_docs.yandex.ru
,,test230126_05,17625988890,_drug.vokrug
,,test241125_02_apentester,17625989162,_dsp.yandex.ru
,,test241125_02_professiya-pentester,17625989164,_dzen.ru
,,test241125_04_professiya-pentester,17625989165,_free.vpn.unblock.proxy.vpn.master.pro
,,test251125_01_apentester,17625989167,_gpt-chatbot.ru
,,test_040326_1_how_to_find_a_job_for_a_beginner,17625989168,_hh.ru
,,test_110326_01,17636945866,_io.deveem.vpn
,,tia?erid=2VtzqwnhsP3,17636945875,_m.dzen.ru
,,tia_08h_221025,17636958763,_m.yandex.ua
,,topkurs,17636958764,_mail.yandex.ru
,,track_pentester_151025,17636958766,_me.incrdbl.android.wordbyword
,,trend_report_replay_201025,17636958769,_naked-science.ru
,,trendreports_081025,17636958773,_noyabrsk.hh.ru
,,undefined,17636958776,_nukadeti.ru
,,Unknown UTM Campaign,17636958777,_otzovik.com
,,v-1,17636958778,_pikabu.ru
,,v-2/?erid=2VtzqumNQ9v,17646267803,_remontcompa.ru
,,v10,27-01,_ru.innim.my_finance
,,v2,anons_tg-17-11,_ru.mail.mail
,,vea_b2c_prof_pentest_demo2_RSYA_100226_rm261125_RF_LEAD_TILDA|707144191,b301 s235,_ru.mail.mailapp
,,vea_b2c_prof_pentest_demo_RSYA_100226_rm261125_RF_LEAD_TILDA|707144207,brand_250226_01,_ru.ok.android
,,vea_b2c_prof_soc_demo2_RSYA_100226_rm261125_RF_LEAD_TILDA|707144217,brand_250226_02,_ru.yandex.mail
,,volgactf,button,_ru.yandex.weatherplugin
,,vstrecha_s_nastavnikom,cid|707144191|gid|5714871140|aid|17596884722|adp|no|dvc|mobile|pid|205714871140|rid|205714871140|did|205714871140|pos|none0|adn|context|crid|0|,_sdelanounas.ru
,,w-112?erid=2VtzqugvUkE,cid|707144191|gid|5714871141|aid|17596884724|adp|no|dvc|mobile|pid|205714871141|rid|205714871141|did|205714871141|pos|none0|adn|context|crid|0|,_solitaire.patience.card.games.klondike.free
,,w-112?erid=2Vtzqv59GTq,cid|707144191|gid|5714871141|aid|17596884725|adp|no|dvc|mobile|pid|205714871141|rid|205714871141|did|205714871141|pos|none0|adn|context|crid|0|,_textovod.com
,,w-114,cid|707144191|gid|5714871141|aid|17596884726|adp|no|dvc|mobile|pid|205714871141|rid|205714871141|did|205714871141|pos|none0|adn|context|crid|0|,_v1.220vk.ru
,,w112?erid=2VtzqvUvUbx,cid|707144191|gid|5714871142|aid|17596884727|adp|no|dvc|mobile|pid|205714871142|rid|205714871142|did|205714871142|pos|none0|adn|context|crid|0|,_vk.com
,,w2,cid|707144191|gid|5714871142|aid|17596884728|adp|no|dvc|mobile|pid|205714871142|rid|205714871142|did|205714871142|pos|none0|adn|context|crid|0|,_www.avito.ru
,,webinar-1,cid|707144191|gid|5714871142|aid|17596884728|adp|no|dvc|tablet|pid|205714871142|rid|205714871142|did|205714871142|pos|none0|adn|context|crid|0|,_ya.ru
,,what_is_a_hacker,cid|707144191|gid|5714871143|aid|17596884732|adp|no|dvc|desktop|pid|205714871143|rid|205714871143|did|205714871143|pos|none0|adn|context|crid|777|,_yandex.ru
,,what_is_a_hacker_09_02_26,cid|707144191|gid|5714871143|aid|17596884732|adp|no|dvc|desktop|pid|56547528349|rid|56547528349|did|56547528349|pos|none0|adn|context|crid|0|,_zenstat.ru
,,YAH,cid|707144191|gid|5714871143|aid|17596884732|adp|no|dvc|mobile|pid|205714871143|rid|205714871143|did|205714871143|pos|none0|adn|context|crid|0|,a8a03141-5eaa-4420-a6e8-f605415c27ac
,,yah_12_02_26,cid|707144191|gid|5714871144|aid|17596884733|adp|no|dvc|mobile|pid|205714871144|rid|205714871144|did|205714871144|pos|none0|adn|context|crid|0|,bel_hacker
,,{campaign_id},cid|707144191|gid|5714871144|aid|17596884734|adp|no|dvc|mobile|pid|205714871144|rid|205714871144|did|205714871144|pos|none0|adn|context|crid|0|,brand_250226_01
,,{campaign_id}_{gbid},cid|707144191|gid|5714871144|aid|17596884735|adp|no|dvc|mobile|pid|205714871144|rid|205714871144|did|205714871144|pos|none0|adn|context|crid|0|,brand_250226_02
,,|707144217,cid|707144191|gid|5714871145|aid|17596884736|adp|no|dvc|desktop|pid|205714871145|rid|205714871145|did|205714871145|pos|none0|adn|context|crid|0|,c5844256-eaee-47c3-9f62-eec9be60173b
,,,cid|707144191|gid|5714871145|aid|17596884737|adp|no|dvc|desktop|pid|205714871145|rid|205714871145|did|205714871145|pos|none0|adn|context|crid|0|,caeab4bc-71ac-4790-9434-02e0d4f32823
,,,cid|707144191|gid|5714871145|aid|17596884737|adp|no|dvc|mobile|pid|205714871145|rid|205714871145|did|205714871145|pos|none0|adn|context|crid|0|,cc3baf7e-6c35-44df-aafc-a8f6c449d113
,,,cid|707144191|gid|5714871145|aid|17596884738|adp|no|dvc|desktop|pid|205714871145|rid|205714871145|did|205714871145|pos|none0|adn|context|crid|0|,creative1_crm
,,,cid|707144191|gid|5714871145|aid|17596884738|adp|no|dvc|desktop|pid|56547528456|rid|56547528456|did|56547528456|pos|none0|adn|context|crid|0|,creative2_crm
,,,cid|707144191|gid|5714871145|aid|17596884738|adp|no|dvc|mobile|pid|205714871145|rid|205714871145|did|205714871145|pos|none0|adn|context|crid|0|,cyber ed курсы
,,,cid|707144191|gid|5714871146|aid|17596884739|adp|no|dvc|mobile|pid|205714871146|rid|205714871146|did|205714871146|pos|none0|adn|context|crid|0|,cyber ed сливы
,,,cid|707144191|gid|5714871146|aid|17596884740|adp|no|dvc|desktop|pid|205714871146|rid|205714871146|did|205714871146|pos|none0|adn|context|crid|0|,cybered курсы
,,,cid|707144191|gid|5714871146|aid|17596884740|adp|no|dvc|mobile|pid|205714871146|rid|205714871146|did|205714871146|pos|none0|adn|context|crid|0|,cybered_metanit.com
,,,cid|707144207|gid|5714871223|aid|17596885373|adp|no|dvc|mobile|pid|56547531242|rid|56547531242|did|56547531242|pos|none0|adn|context|crid|0|,cybered_none
,,,cid|707144207|gid|5714871225|aid|17596885378|adp|no|dvc|mobile|pid|205714871225|rid|205714871225|did|205714871225|pos|none0|adn|context|crid|0|,cybered_yandex.ru
,,,cid|707144217|gid|5714872293|aid|17596885953|adp|no|dvc|mobile|pid|205714872293|rid|205714872293|did|205714872293|pos|none0|adn|context|crid|0|,d363bc2c-a5d2-4416-9220-8dd235d19edc
,,,cid|707144217|gid|5714872295|aid|17596885956|adp|no|dvc|mobile|pid|205714872295|rid|205714872295|did|205714872295|pos|none0|adn|context|crid|0|,d7117d9a-bc44-4988-af14-26cfdaa525b7
,,,cid|707144217|gid|5714872295|aid|17596885956|adp|no|dvc|mobile|pid|205714872295|rid|205714872295|did|205714872295|pos|none0|adn|context|crid|777|,de4d6c7c-af8e-4ad4-9c1e-484fa051aa66
,,,cid|707144217|gid|5714872295|aid|17596885957|adp|no|dvc|mobile|pid|205714872295|rid|205714872295|did|205714872295|pos|none0|adn|context|crid|0|,de4d6c7c-af8e-4ad4-9c1e-484fa051aa66#form_block_id
,,,cid|707144217|gid|5714872295|aid|72057611634813893|adp|no|dvc|desktop|pid||rid||did||pos|none0|adn|context|crid||,deleted
,,,cid|707144217|gid|5714872296|aid|17596885959|adp|no|dvc|mobile|pid|205714872296|rid|205714872296|did|205714872296|pos|none0|adn|context|crid|0|,e5277bc9-d051-41c5-a039-52a59f311614
,,,cid|707144217|gid|5714872296|aid|17596885960|adp|no|dvc|desktop|pid|205714872296|rid|205714872296|did|205714872296|pos|none0|adn|context|crid|0|,e7ea16a5-d5f6-422a-8b8e-3f2fdc72b241
,,,cid|707144217|gid|5714872296|aid|17596885960|adp|no|dvc|smart_tv|pid|205714872296|rid|205714872296|did|205714872296|pos|none0|adn|context|crid|0|,f6923d1c-6b37-4623-86fd-c3e7da25544c
,,,cid|707144217|gid|5714872297|aid|17596885962|adp|no|dvc|mobile|pid|205714872297|rid|205714872297|did|205714872297|pos|none0|adn|context|crid|0|,fcd7e41e-f939-4552-a6ed-cc085271e7f8
,,,cid|707144217|gid|5714872298|aid|17596885965|adp|no|dvc|desktop|pid|205714872298|rid|205714872298|did|205714872298|pos|none0|adn|context|crid|0|,kiberbez_130226_1
,,,cid|707144217|gid|5714872298|aid|17596885965|adp|no|dvc|mobile|pid|205714872298|rid|205714872298|did|205714872298|pos|none0|adn|context|crid|0|,KursHub
,,,deleted,labs cyber ed ru
,,,freevstrecha,obhod_zashit_test_300126
,,,kiberbez_130226_1,obhod_zashit_test_300126_03
,,,KursHub,otus linux для начинающих
,,,last-call-25-10,otus курс c
,,,link_in_bio,pentest_demo2_120226_1
,,,obhod_zashit_test_300126,pentest_pentest_pay_120226_1
,,,obhod_zashit_test_300126_03,pentest_soc2_120226_1
,,,offzone-12-08?erid=2Vtzqwc6t92,post-11-02-25?erid=2VtzqwNwPhX
,,,pentest_demo2_120226_1,prof_pentest_demo2_100226_1
,,,pentest_pentest_pay_120226_1,prof_pentest_demo2_100226_2
,,,pentest_soc2_120226_1,prof_pentest_demo2_100226_3
,,,post1,prof_pentest_demo_070226
,,,post3,prof_pentest_demo_090226
,,,prof_pentest_demo2_100226_1,prof_pentest_demo_1002226_2
,,,prof_pentest_demo2_100226_2,prof_pentest_demo_250226_01
,,,prof_pentest_demo2_100226_3,prof_pentest_demo_250226_02
,,,prof_pentest_demo_070226,prof_pentest_demo_2_070226
,,,prof_pentest_demo_090226,prof_soc_demo_070226
,,,prof_pentest_demo_1002226_2,prof_soc_demo_090226
,,,prof_pentest_demo_250226_01,prof_soc_demo_1002226
,,,prof_pentest_demo_250226_02,prof_soc_demo_2_070226
,,,prof_pentest_demo_2_070226,rof_pentest_demo_240226_01
,,,prof_soc_demo_070226,soc аналитик слив курса_none
,,,prof_soc_demo_090226,soc_pay_120226_1
,,,prof_soc_demo_1002226,start_120226_2
,,,prof_soc_demo_2_070226,test041225_01
,,,r-301,test051225_01
,,,r-317-10-11,test060226
,,,r-319-22-02,test230126_03
,,,r-430-20-08%3Ferid%3D2VtzqwGkyws,test230126_05
,,,rof_pentest_demo_240226_01,test241125_02_apentester
,,,soc_pay_120226_1,test_040326_1_how_to_find_a_job_for_a_beginner
,,,start_120226_2,test_110326_01
,,,test041225_01,undefined
,,,test051225_01,Unknown UTM Term
,,,test060226,{keyword}
,,,test230126_03,{keyword}_{source}
,,,test230126_05,аналитик soc бесплатный курс_yandex.ru
,,,test241125_02_apentester,аналитик soc вакансии_none
,,,test_040326_1_how_to_find_a_job_for_a_beginner,аналитик soc_none
,,,test_110326_01,веб пентест курс_yandex.ru
,,,undefined,веб пентест_trychatgpt.ru
,,,Unknown UTM Content,веб пентест_www.avito.ru
,,,w-4-17-01,веб пентест_yandex.com
,,,{ad_id},информзащита обучение
,,,Москва.desktop.none.16975561347,кибербезопасность обучение
,,,Москва.desktop.none.16975561350,кибербезопасность обучение_none
,,,Москва.desktop.none.16975561359,кибербезопасность обучение_yandex.ru
,,,Москва.mobile.none.16975561359,книги по пентесту_none
,,,Москва.mobile.none.16996792083,кодебай академия отзывы
,,,Санкт-Петербург.mobile.none.16975561347,курс аналитик soc_yandex.ru
,,,Санкт-Петербург.mobile.none.16975561359,курс от cyber ed анализ мобильные приложения
,,,Санкт-Петербург.mobile.none.16975561366,курс этичный хакинг бесплатно_mail.yandex.ru
,,,Санкт-Петербург.mobile.none.16975561380,курсы по кибербезопасности_none
,,,,курсы по пентесту владивосток
,,,,курсы по пентесту_none
,,,,лучшие курсы по пентесту_none
,,,,обеспечение защиты критической информационной инфраструктуры_none
,,,,обучение детей кибербезопасности_none
,,,,обучение кибербезопасности высшее образование_yandex.ru
,,,,отус обучение_dzen.ru
,,,,пентест бесплатно_yandex.ru
,,,,пентест гпт_none
,,,,пентест обучение
,,,,пентест обучение_none_Большие Вязёмы_desktop
,,,,пентест принтера_yandex.ru
,,,,пентест_cloud.mail.ru
,,,,пентест_mail.yandex.ru
,,,,пентест_none
,,,,пентест_yandex.ru
,,,,пентестер вакансии_none
,,,,пентестер лучший курс
,,,,пентестер москва_togliatti.hh.ru
,,,,пентестер обучение_none
,,,,пентестер обучение_www.gismeteo.ru
,,,,пентестер_mail.yandex.ru
,,,,пентестер_none
,,,,пентестер_ru.drivemusic.me
,,,,пентестер_www.yandex.ru
,,,,пентестер_yandex.ru
,,,,профессия пентестер_yandex.ru
,,,,сайберэд
,,,,слитые курсы по кибербезопасности_yandex.ru
,,,,специалист по кибербезопасности обучение бесплатно_none
,,,,специалист по кибербезопасности обучение с нуля_none
,,,,специалист по кибербезопасности обучение_none
,,,,специалист по кибербезопасности обучение_yandex.ru
,,,,стажер soc аналитик_none
,,,,тестирование на проникновение информационной системы_none
,,,,тестирование на проникновение обучение_none
,,,,этичный хакинг курс_yandex.ru
,,,,этичный хакинг_none
,,,,этичный хакинг_rus.hitmotop.com
,,,,этичный хакинг_ya.ru
,,,,
